External Library Name, Link to License, License Name, Binaries using the license, URL
gpr, https://android.googlesource.com/platform/external/grpc-grpc/+/refs/heads/emu-master-dev/NOTICE.txt, Apache-2.0, ./qemu/linux-x86_64/qemu-system-x86_64-headless ./qemu/linux-x86_64/qemu-system-armel-headless ./qemu-img ./nimble_bridge ./qemu/linux-x86_64/qemu-system-armel OpenglRender.so ./qemu/linux-x86_64/qemu-system-i386 ./qemu/linux-x86_64/qemu-system-aarch64 ./qemu/linux-x86_64/qemu-system-aarch64-headless ./qemu/linux-x86_64/qemu-system-x86_64 ./emulator-check android-webrtc.so ./netsimd ./qsn emugl_common.so ./qemu/linux-x86_64/qemu-system-i386-headless ./netsim, https://android.googlesource.com/platform/external/grpc-grpc/+/refs/heads/emu-master-dev
e2fs, http://www.linfo.org/e2fsprogs.html, GPL-2.0-only, bin64/e2fsck bin64/mkfs.ext4 ./emulator bin64/tune2fs bin64/fsck.ext4 bin64/resize2fs, https://android.googlesource.com/platform/prebuilts/android-emulator-build/archive/+/refs/heads/emu-master-dev/e2fsprogs-1.42.13-patches.tar.xz
qemu-system, https://android.googlesource.com/platform/external/qemu/+/refs/heads/emu-master-dev/LICENSES/LICENSE.APACHE2, Apache-2.0, ./qemu/linux-x86_64/qemu-system-x86_64-headless ./qemu/linux-x86_64/qemu-system-armel ./qemu/linux-x86_64/qemu-system-armel-headless ./qemu/linux-x86_64/qemu-system-aarch64-headless ./qemu/linux-x86_64/qemu-system-x86_64 ./qemu/linux-x86_64/qemu-system-i386-headless ./qemu/linux-x86_64/qemu-system-i386 ./qemu/linux-x86_64/qemu-system-aarch64, https://android.googlesource.com/platform/external/qemu/+/refs/heads/emu-master-dev
c-ares, https://android.googlesource.com/platform/external/c-ares/+/refs/heads/emu-master-dev/LICENSE.md, MIT, ./qemu/linux-x86_64/qemu-system-x86_64-headless ./qemu/linux-x86_64/qemu-system-armel-headless ./qemu-img ./nimble_bridge ./qemu/linux-x86_64/qemu-system-armel OpenglRender.so ./qemu/linux-x86_64/qemu-system-i386 ./qemu/linux-x86_64/qemu-system-aarch64 ./qemu/linux-x86_64/qemu-system-aarch64-headless ./qemu/linux-x86_64/qemu-system-x86_64 ./emulator-check android-webrtc.so ./netsimd ./qsn emugl_common.so ./qemu/linux-x86_64/qemu-system-i386-headless ./netsim, https://android.googlesource.com/platform/external/c-ares/+/refs/heads/emu-master-dev
libvpx, https://chromium.googlesource.com/webm/libvpx/+/refs/heads/master/LICENSE, BSD-3-Clause, ./qemu/linux-x86_64/qemu-system-x86_64-headless ./qemu/linux-x86_64/qemu-system-armel-headless ./qemu/linux-x86_64/qemu-system-aarch64-headless ./qemu-img ./qemu/linux-x86_64/qemu-system-x86_64 ./emulator-check ./nimble_bridge android-webrtc.so ./qsn ./qemu/linux-x86_64/qemu-system-armel emugl_common.so OpenglRender.so ./qemu/linux-x86_64/qemu-system-i386-headless ./qemu/linux-x86_64/qemu-system-i386 ./qemu/linux-x86_64/qemu-system-aarch64, https://chromium.googlesource.com/webm/libvpx/
libc++, https://android.googlesource.com/toolchain/clang/+/refs/heads/master/LICENSE.TXT, LLVM-exception, ./qemu/linux-x86_64/qemu-system-x86_64-headless ./qemu/linux-x86_64/qemu-system-armel-headless ./qemu-img ./nimble_bridge ./qemu/linux-x86_64/qemu-system-armel ./crashreport lib64/libc++.so ./qemu/linux-x86_64/qemu-system-i386 ./qemu/linux-x86_64/qemu-system-aarch64 ./mksdcard ./emulator ./qemu/linux-x86_64/qemu-system-x86_64 ./emulator-check ./qemu/linux-x86_64/qemu-system-aarch64-headless lib64/libc++.so.1 ./netsimd ./qsn ./qemu/linux-x86_64/qemu-system-i386-headless ./netsim, https://android.googlesource.com/toolchain/clang/+/refs/heads/master/
Qt 5, https://doc.qt.io/qt-5/licensing.html, LGPL-3.0-only, lib64/qt/lib/libQt5GuiAndroidEmu.so.5 lib64/qt/plugins/imageformats/libqgif.so lib64/qt/lib/libxcb-xkb.so.1.0 lib64/qt/lib/libxcb-xkb.so.1.0.0 lib64/qt/plugins/imageformats/libqsvg.so lib64/qt/lib/libQt5DBusAndroidEmu.so.5 lib64/qt/lib/libxkbcommon-x11.so.0.0.0 lib64/qt/lib/libsoftokn3.so lib64/qt/lib/libQt5CoreAndroidEmu.so.5 lib64/qt/lib/libxcb-xkb.so.1 lib64/qt/lib/libfreetype.so.6 lib64/qt/lib/libxkbcommon.so.0 lib64/qt/lib/libQt5XcbQpaAndroidEmu.so.5 lib64/qt/lib/libxkbcommon-x11.so lib64/qt/lib/libxkbcommon.so lib64/qt/plugins/imageformats/libqwbmp.so lib64/qt/plugins/imageformats/libqwebp.so lib64/qt/plugins/imageformats/libqtiff.so lib64/qt/lib/libfontconfig.so.1 lib64/qt/lib/libxkbcommon-x11.so.0 lib64/qt/plugins/bearer/libqconnmanbearer.so lib64/qt/plugins/platforms/libqxcb.so lib64/qt/lib/libQt5PrintSupportAndroidEmu.so.5 lib64/qt/plugins/iconengines/libqsvgicon.so lib64/qt/plugins/bearer/libqnmbearer.so lib64/qt/lib/libxkbcommon.so.0.0.0 lib64/qt/lib/libX11-xcb.so.1 lib64/qt/lib/libsqlite3.so lib64/qt/lib/libQt5NetworkAndroidEmu.so.5 lib64/qt/plugins/imageformats/libqicns.so lib64/qt/lib/libQt5WidgetsAndroidEmu.so.5 ./emulator lib64/qt/plugins/imageformats/libqtga.so lib64/qt/plugins/bearer/libqgenericbearer.so lib64/qt/plugins/imageformats/libqjpeg.so lib64/qt/plugins/imageformats/libqico.so lib64/qt/lib/libX11-xcb.so.1.0 lib64/qt/plugins/platforminputcontexts/libcomposeplatforminputcontextplugin.so lib64/qt/lib/libX11-xcb.so.1.0.0 lib64/qt/lib/libQt5SvgAndroidEmu.so.5, https://android.googlesource.com/platform/prebuilts/android-emulator-build/archive/+/refs/heads/emu-master-dev/qt-everywhere-src-5.12.1.tar.xz
libunwind, https://github.com/libunwind/libunwind/blob/master/COPYING, MIT, ./qemu/linux-x86_64/qemu-system-x86_64-headless ./qemu/linux-x86_64/qemu-system-armel-headless ./qemu-img android-emu-shared.so android-emu-metrics.so ./nimble_bridge ./qemu/linux-x86_64/qemu-system-armel ./crashreport android-emu-curl.so OpenglRender.so ./qemu/linux-x86_64/qemu-system-i386 ./qemu/linux-x86_64/qemu-system-aarch64 ./emulator ./qemu/linux-x86_64/qemu-system-x86_64 ./emulator-check ./qemu/linux-x86_64/qemu-system-aarch64-headless android-webrtc.so ./netsimd ./qsn emugl_common.so ./qemu/linux-x86_64/qemu-system-i386-headless android-emu-agents.so, https://github.com/libunwind/libunwind/releases/tag/v1.3.1
tinyobjloader, https://android.googlesource.com/platform/external/tinyobjloader/+/refs/heads/master/LICENSE, MIT, ./qemu/linux-x86_64/qemu-system-x86_64-headless ./qemu/linux-x86_64/qemu-system-armel-headless ./qemu/linux-x86_64/qemu-system-aarch64-headless ./qemu-img ./qemu/linux-x86_64/qemu-system-x86_64 ./emulator-check ./nimble_bridge android-webrtc.so ./qsn ./qemu/linux-x86_64/qemu-system-armel emugl_common.so OpenglRender.so ./qemu/linux-x86_64/qemu-system-i386-headless ./qemu/linux-x86_64/qemu-system-i386 ./qemu/linux-x86_64/qemu-system-aarch64, https://android.googlesource.com/platform/external/tinyobjloader/+/refs/heads/master
gfxstream, https://android.googlesource.com/platform/hardware/google/gfxstream/+/refs/heads/master/LICENSE, Apache-2.0, ./qemu/linux-x86_64/qemu-system-x86_64-headless ./qemu/linux-x86_64/qemu-system-armel-headless ./qemu-img android-emu-shared.so android-emu-metrics.so ./nimble_bridge ./qemu/linux-x86_64/qemu-system-armel ./crashreport android-emu-curl.so OpenglRender.so ./qemu/linux-x86_64/qemu-system-i386 ./qemu/linux-x86_64/qemu-system-aarch64 ./emulator ./qemu/linux-x86_64/qemu-system-x86_64 ./emulator-check ./qemu/linux-x86_64/qemu-system-aarch64-headless android-webrtc.so ./netsimd ./qsn emugl_common.so ./qemu/linux-x86_64/qemu-system-i386-headless android-emu-agents.so, https://android.googlesource.com/platform/hardware/google/gfxstream/+/refs/heads/master
mesa, https://mesa3d.org/license.html, MIT, lib64/gles_mesa/libGL.so lib64/gles_mesa/libGL.so.1 ./emulator, https://android.googlesource.com/platform/prebuilts/android-emulator-build/archive/+/refs/heads/emu-master-dev/MesaLib-10.4.2.tar.bz2
angle, https://chromium.googlesource.com/angle/angle/LICENSE, BSD-3-Clause, ./emulator OpenglRender.so lib64/libshadertranslator.so, https://chromium.googlesource.com/angle/angle
hostapd, https://android.googlesource.com/platform/external/wpa_supplicant_8/+/refs/heads/emu-master-dev/NOTICE, BSD, ./qemu/linux-x86_64/qemu-system-x86_64-headless ./qemu/linux-x86_64/qemu-system-armel-headless ./qemu/linux-x86_64/qemu-system-aarch64-headless ./qemu-img ./emulator-check ./qemu/linux-x86_64/qemu-system-x86_64 ./nimble_bridge android-webrtc.so ./netsimd ./qsn ./qemu/linux-x86_64/qemu-system-armel emugl_common.so OpenglRender.so ./qemu/linux-x86_64/qemu-system-i386-headless ./qemu/linux-x86_64/qemu-system-i386 ./qemu/linux-x86_64/qemu-system-aarch64, https://android.googlesource.com/platform/external/wpa_supplicant_8/+/refs/heads/emu-master-dev
qemu, https://android.googlesource.com/platform/external/qemu/+/refs/heads/emu-master-dev/LICENSE, GPL-2.0-only, ./qemu/linux-x86_64/qemu-system-x86_64-headless ./qemu/linux-x86_64/qemu-system-armel-headless ./qemu/linux-x86_64/qemu-system-aarch64-headless ./qemu-img ./qemu/linux-x86_64/qemu-system-x86_64 ./qemu/linux-x86_64/qemu-system-armel ./qemu/linux-x86_64/qemu-system-i386-headless ./qemu/linux-x86_64/qemu-system-i386 ./qemu/linux-x86_64/qemu-system-aarch64, https://android.googlesource.com/platform/external/qemu/+/refs/heads/emu-master-dev
Qt Widgets, https://doc.qt.io/qt-5.12/qtWidgets-index.html#licenses-and-attributions, LGPL-3.0-only, ./qemu/linux-x86_64/qemu-system-aarch64 ./qemu/linux-x86_64/qemu-system-armel ./qemu/linux-x86_64/qemu-system-i386 ./qemu/linux-x86_64/qemu-system-x86_64, https://android.googlesource.com/platform/prebuilts/android-emulator-build/archive/+/refs/heads/emu-master-dev/qt-everywhere-src-5.12.1.tar.xz
Tink, https://android.googlesource.com/platform/external/tink/+/refs/heads/upstream-master/LICENSE, Apache-2.0, ./qemu/linux-x86_64/qemu-system-x86_64-headless ./qemu/linux-x86_64/qemu-system-armel-headless ./qemu/linux-x86_64/qemu-system-aarch64-headless ./qemu/linux-x86_64/qemu-system-x86_64 ./emulator-check ./nimble_bridge ./qsn ./qemu/linux-x86_64/qemu-system-armel ./qemu/linux-x86_64/qemu-system-i386-headless ./qemu/linux-x86_64/qemu-system-i386 ./qemu/linux-x86_64/qemu-system-aarch64, https://android.googlesource.com/platform/external/tink/+/refs/heads/upstream-master
pixman-1, https://gitlab.freedesktop.org/pixman/pixman/blob/master/COPYING, MIT, ./qemu/linux-x86_64/qemu-system-x86_64-headless ./qemu/linux-x86_64/qemu-system-armel-headless ./qemu/linux-x86_64/qemu-system-aarch64-headless ./qemu/linux-x86_64/qemu-system-x86_64 ./emulator-check ./qsn ./qemu/linux-x86_64/qemu-system-armel ./qemu/linux-x86_64/qemu-system-i386-headless ./qemu/linux-x86_64/qemu-system-i386 ./qemu/linux-x86_64/qemu-system-aarch64, https://android.googlesource.com/platform/prebuilts/android-emulator-build/archive/+/refs/heads/emu-master-dev/pixman-0.34.0.tar.gz
grpc++, https://android.googlesource.com/platform/external/grpc-grpc/+/refs/heads/emu-master-dev/NOTICE.txt, Apache-2.0, ./qemu/linux-x86_64/qemu-system-x86_64-headless ./qemu/linux-x86_64/qemu-system-armel-headless ./qemu-img ./nimble_bridge ./qemu/linux-x86_64/qemu-system-armel OpenglRender.so ./qemu/linux-x86_64/qemu-system-i386 ./qemu/linux-x86_64/qemu-system-aarch64 ./qemu/linux-x86_64/qemu-system-aarch64-headless ./qemu/linux-x86_64/qemu-system-x86_64 ./emulator-check android-webrtc.so ./netsimd ./qsn emugl_common.so ./qemu/linux-x86_64/qemu-system-i386-headless ./netsim, https://android.googlesource.com/platform/external/grpc-grpc/+/refs/heads/emu-master-dev
grpc, https://android.googlesource.com/platform/external/grpc-grpc/+/refs/heads/emu-master-dev/NOTICE.txt, Apache-2.0, ./qemu/linux-x86_64/qemu-system-x86_64-headless ./qemu/linux-x86_64/qemu-system-armel-headless ./qemu-img ./nimble_bridge ./qemu/linux-x86_64/qemu-system-armel OpenglRender.so ./qemu/linux-x86_64/qemu-system-i386 ./qemu/linux-x86_64/qemu-system-aarch64 ./qemu/linux-x86_64/qemu-system-aarch64-headless ./qemu/linux-x86_64/qemu-system-x86_64 ./emulator-check android-webrtc.so ./netsimd ./qsn emugl_common.so ./qemu/linux-x86_64/qemu-system-i386-headless ./netsim, https://android.googlesource.com/platform/external/grpc-grpc/+/refs/heads/emu-master-dev
ffmpeg, https://github.com/FFmpeg/FFmpeg/blob/master/LICENSE.md, GPL-2.0-or-later, ./qemu/linux-x86_64/qemu-system-x86_64-headless ./qemu/linux-x86_64/qemu-system-armel-headless ./qemu/linux-x86_64/qemu-system-aarch64-headless ./qemu-img ./qemu/linux-x86_64/qemu-system-x86_64 ./emulator-check ./nimble_bridge android-webrtc.so ./qsn ./qemu/linux-x86_64/qemu-system-armel emugl_common.so OpenglRender.so ./qemu/linux-x86_64/qemu-system-i386-headless ./qemu/linux-x86_64/qemu-system-i386 ./qemu/linux-x86_64/qemu-system-aarch64, https://android.googlesource.com/platform/prebuilts/android-emulator-build/archive/+/refs/heads/emu-master-dev/ffmpeg-3.4.5.tar.xz
LibXml2, https://github.com/GNOME/libxml2/blob/mainline/Copyright, MIT, ./qemu/linux-x86_64/qemu-system-x86_64-headless ./qemu/linux-x86_64/qemu-system-armel-headless ./qemu-img android-emu-shared.so android-emu-metrics.so ./nimble_bridge ./qemu/linux-x86_64/qemu-system-armel OpenglRender.so ./qemu/linux-x86_64/qemu-system-i386 ./qemu/linux-x86_64/qemu-system-aarch64 ./emulator ./qemu/linux-x86_64/qemu-system-x86_64 ./emulator-check ./qemu/linux-x86_64/qemu-system-aarch64-headless android-webrtc.so ./qsn emugl_common.so ./qemu/linux-x86_64/qemu-system-i386-headless, https://android.googlesource.com/platform/prebuilts/android-emulator-build/archive/+/refs/heads/emu-master-dev/libxml2-2.9.2.tar.gz
address_sorting, https://android.googlesource.com/platform/external/grpc-grpc/+/refs/heads/emu-master-dev/NOTICE.txt, Apache-2.0, ./qemu/linux-x86_64/qemu-system-x86_64-headless ./qemu/linux-x86_64/qemu-system-armel-headless ./qemu-img ./nimble_bridge ./qemu/linux-x86_64/qemu-system-armel OpenglRender.so ./qemu/linux-x86_64/qemu-system-i386 ./qemu/linux-x86_64/qemu-system-aarch64 ./qemu/linux-x86_64/qemu-system-aarch64-headless ./qemu/linux-x86_64/qemu-system-x86_64 ./emulator-check android-webrtc.so ./netsimd ./qsn emugl_common.so ./qemu/linux-x86_64/qemu-system-i386-headless ./netsim, https://android.googlesource.com/platform/external/grpc-grpc/+/refs/heads/emu-master-dev
tcmalloc, https://chromium.googlesource.com/external/github.com/gperftools/gperftools/+/refs/heads/master/COPYING, BSD-3-Clause, ./qemu/linux-x86_64/qemu-system-x86_64-headless ./qemu/linux-x86_64/qemu-system-armel-headless ./qemu-img android-emu-shared.so android-emu-metrics.so ./nimble_bridge ./qemu/linux-x86_64/qemu-system-armel ./crashreport android-emu-curl.so OpenglRender.so ./qemu/linux-x86_64/qemu-system-i386 ./qemu/linux-x86_64/qemu-system-aarch64 ./emulator ./qemu/linux-x86_64/qemu-system-x86_64 ./emulator-check ./qemu/linux-x86_64/qemu-system-aarch64-headless android-webrtc.so ./netsimd ./qsn emugl_common.so lib64/libtcmalloc_minimal.so.4 ./qemu/linux-x86_64/qemu-system-i386-headless android-emu-agents.so, https://chromium.googlesource.com/external/github.com/gperftools/gperftools/+/refs/heads/master
libselinux, https://android.googlesource.com/platform/external/qemu/+/emu-master-dev/android/third_party/libselinux/NOTICE, CC-PDDC OR UNKNOWN, ./qemu/linux-x86_64/qemu-system-x86_64-headless ./qemu/linux-x86_64/qemu-system-armel-headless ./qemu-img android-emu-shared.so android-emu-metrics.so ./nimble_bridge ./qemu/linux-x86_64/qemu-system-armel ./crashreport OpenglRender.so ./qemu/linux-x86_64/qemu-system-i386 ./qemu/linux-x86_64/qemu-system-aarch64 ./emulator ./qemu/linux-x86_64/qemu-system-x86_64 ./emulator-check ./qemu/linux-x86_64/qemu-system-aarch64-headless android-webrtc.so ./qsn emugl_common.so ./qemu/linux-x86_64/qemu-system-i386-headless android-emu-agents.so, https://android.googlesource.com/platform/external/qemu/+/emu-master-dev/android/third_party/libselinux
Qt Svg, https://doc.qt.io/qt-5.12/qtSvg-index.html#licenses-and-attributions, LGPL-3.0-only, ./qemu/linux-x86_64/qemu-system-aarch64 ./qemu/linux-x86_64/qemu-system-armel ./qemu/linux-x86_64/qemu-system-i386 ./qemu/linux-x86_64/qemu-system-x86_64, https://android.googlesource.com/platform/prebuilts/android-emulator-build/archive/+/refs/heads/emu-master-dev/qt-everywhere-src-5.12.1.tar.xz
vulkan-sdk, https://vulkan.lunarg.com/software/license/vulkan-1.2.162.1-linux-license-summary.txt, Apache-2.0, lib64/vulkan/libvk_swiftshader.so lib64/vulkan/libvulkan.so lib64/vulkan/libvulkan.so.1 ./emulator, https://vulkan.lunarg.com/sdk/home
keymaster-3, https://android.googlesource.com/platform/external/qemu/+/emu-master-dev/android/third_party/libkeymaster3/NOTICE, Apache-2.0, ./qemu/linux-x86_64/qemu-system-x86_64-headless ./qemu/linux-x86_64/qemu-system-armel-headless ./qemu/linux-x86_64/qemu-system-aarch64-headless ./qemu-img ./qemu/linux-x86_64/qemu-system-x86_64 ./emulator-check ./nimble_bridge android-webrtc.so ./qsn ./qemu/linux-x86_64/qemu-system-armel emugl_common.so OpenglRender.so ./qemu/linux-x86_64/qemu-system-i386-headless ./qemu/linux-x86_64/qemu-system-i386 ./qemu/linux-x86_64/qemu-system-aarch64, https://android.googlesource.com/platform/external/qemu/+/emu-master-dev/android/third_party/libkeymaster3
grpc++_reflection, https://android.googlesource.com/platform/external/grpc-grpc/+/refs/heads/emu-master-dev/NOTICE.txt, Apache-2.0, ./qemu/linux-x86_64/qemu-system-x86_64-headless ./qemu/linux-x86_64/qemu-system-armel-headless ./qemu/linux-x86_64/qemu-system-aarch64-headless ./qemu/linux-x86_64/qemu-system-x86_64 ./emulator-check ./qsn ./qemu/linux-x86_64/qemu-system-armel ./qemu/linux-x86_64/qemu-system-i386-headless ./qemu/linux-x86_64/qemu-system-i386 ./qemu/linux-x86_64/qemu-system-aarch64, https://android.googlesource.com/platform/external/grpc-grpc/+/refs/heads/emu-master-dev
protobuf, BSD-3-Clause, BSD-3-Clause, ./qemu/linux-x86_64/qemu-system-x86_64-headless ./qemu/linux-x86_64/qemu-system-armel-headless ./qemu-img android-emu-shared.so android-emu-metrics.so ./nimble_bridge ./qemu/linux-x86_64/qemu-system-armel ./crashreport OpenglRender.so android-emu-protos.so ./qemu/linux-x86_64/qemu-system-i386 android-emu-tracing.so ./qemu/linux-x86_64/qemu-system-aarch64 ./emulator ./qemu/linux-x86_64/qemu-system-x86_64 ./emulator-check ./qemu/linux-x86_64/qemu-system-aarch64-headless libprotobuf.so android-webrtc.so ./netsimd ./qsn emugl_common.so ./qemu/linux-x86_64/qemu-system-i386-headless ./netsim, 
gtest, https://android.googlesource.com/platform/external/googletest/+/refs/heads/master/LICENSE, BSD3, ./emulator, https://android.googlesource.com/platform/external/googletest/+/refs/heads/master
picosha2, https://android.googlesource.com/platform/external/qemu/+/refs/heads/emu-master-dev/android/third_party/picosha2/LICENSE, MIT, ./qemu/linux-x86_64/qemu-system-x86_64-headless ./qemu/linux-x86_64/qemu-system-armel-headless ./qemu-img android-emu-shared.so android-emu-metrics.so ./nimble_bridge ./qemu/linux-x86_64/qemu-system-armel OpenglRender.so ./qemu/linux-x86_64/qemu-system-i386 ./qemu/linux-x86_64/qemu-system-aarch64 ./qemu/linux-x86_64/qemu-system-aarch64-headless ./qemu/linux-x86_64/qemu-system-x86_64 ./emulator-check android-webrtc.so ./qsn emugl_common.so ./qemu/linux-x86_64/qemu-system-i386-headless, https://android.googlesource.com/platform/external/qemu/+/refs/heads/emu-master-dev/android/third_party/picosha2/
mynewt-nimble, https://android.googlesource.com/platform/external/qemu/+/emu-master-dev/android/third_party/mynewt-nimble/LICENSE, Apache=2.0, ./nimble_bridge, 
bios, https://android.googlesource.com/platform/external/qemu-pc-bios/+/refs/heads/master/README, LGPL-2.0-or-later, ./emulator, https://android.googlesource.com/platform/external/qemu-pc-bios/+/refs/heads/master/
libjpeg, https://android.googlesource.com/platform/external/qemu/+/refs/heads/emu-master-dev/android/third_party/jpeg-6b/NOTICE, IJG, ./qemu/linux-x86_64/qemu-system-x86_64-headless ./qemu/linux-x86_64/qemu-system-armel-headless ./qemu/linux-x86_64/qemu-system-aarch64-headless ./qemu-img ./qemu/linux-x86_64/qemu-system-x86_64 ./emulator-check ./nimble_bridge android-webrtc.so ./qsn ./qemu/linux-x86_64/qemu-system-armel emugl_common.so OpenglRender.so ./qemu/linux-x86_64/qemu-system-i386-headless ./qemu/linux-x86_64/qemu-system-i386 ./qemu/linux-x86_64/qemu-system-aarch64, https://android.googlesource.com/platform/external/qemu/+/refs/heads/emu-master-dev/android/third_party/jpeg-6b/
lz4, https://android.googlesource.com/platform/external/lz4/+/refs/heads/emu-master-dev/LICENSE, BSD-2-Clause, ./qemu/linux-x86_64/qemu-system-x86_64-headless ./qemu/linux-x86_64/qemu-system-armel-headless ./qemu-img android-emu-shared.so android-emu-metrics.so ./nimble_bridge ./qemu/linux-x86_64/qemu-system-armel ./crashreport android-emu-curl.so OpenglRender.so ./qemu/linux-x86_64/qemu-system-i386 ./qemu/linux-x86_64/qemu-system-aarch64 ./emulator ./qemu/linux-x86_64/qemu-system-x86_64 ./emulator-check ./qemu/linux-x86_64/qemu-system-aarch64-headless android-webrtc.so ./netsimd ./qsn emugl_common.so ./qemu/linux-x86_64/qemu-system-i386-headless android-emu-agents.so, https://android.googlesource.com/platform/external/lz4/+/refs/heads/emu-master-dev
breakpad, https://android.googlesource.com/platform/external/google-breakpad/+/refs/heads/emu-master-dev/LICENSE, BSD-3-Clause, ./qemu/linux-x86_64/qemu-system-armel ./crashreport ./qemu/linux-x86_64/qemu-system-x86_64 ./qemu/linux-x86_64/qemu-system-i386 ./qemu/linux-x86_64/qemu-system-aarch64, https://android.googlesource.com/platform/external/google-breakpad/+/refs/heads/emu-master-dev
upb, https://android.googlesource.com/platform/external/grpc-grpc/+/refs/heads/emu-master-dev/NOTICE.txt, Apache-2.0, ./qemu/linux-x86_64/qemu-system-x86_64-headless ./qemu/linux-x86_64/qemu-system-armel-headless ./qemu-img ./nimble_bridge ./qemu/linux-x86_64/qemu-system-armel OpenglRender.so ./qemu/linux-x86_64/qemu-system-i386 ./qemu/linux-x86_64/qemu-system-aarch64 ./qemu/linux-x86_64/qemu-system-aarch64-headless ./qemu/linux-x86_64/qemu-system-x86_64 ./emulator-check android-webrtc.so ./netsimd ./qsn emugl_common.so ./qemu/linux-x86_64/qemu-system-i386-headless ./netsim, https://android.googlesource.com/platform/external/grpc-grpc/+/refs/heads/emu-master-dev
Qt Core, https://doc.qt.io/qt-5.12/qtCore-index.html#licenses-and-attributions, LGPL-3.0-only, ./qemu/linux-x86_64/qemu-system-aarch64 ./qemu/linux-x86_64/qemu-system-armel ./qemu/linux-x86_64/qemu-system-i386 ./qemu/linux-x86_64/qemu-system-x86_64, https://android.googlesource.com/platform/prebuilts/android-emulator-build/archive/+/refs/heads/emu-master-dev/qt-everywhere-src-5.12.1.tar.xz
Qt Gui, https://doc.qt.io/qt-5.12/qtGui-index.html#licenses-and-attributions, LGPL-3.0-only, ./qemu/linux-x86_64/qemu-system-aarch64 ./qemu/linux-x86_64/qemu-system-armel ./qemu/linux-x86_64/qemu-system-i386 ./qemu/linux-x86_64/qemu-system-x86_64, https://android.googlesource.com/platform/prebuilts/android-emulator-build/archive/+/refs/heads/emu-master-dev/qt-everywhere-src-5.12.1.tar.xz
swiftshader, https://android.googlesource.com/platform/external/swiftshader/+/refs/heads/emu-master-dev/LICENSE.txt, Apache-2.0, lib64/gles_swiftshader/libGLESv2.so lib64/gles_swiftshader/libGLES_CM.so lib64/gles_swiftshader/libEGL.so ./emulator, https://android.googlesource.com/platform/external/swiftshader/+/refs/heads/emu-master-dev
fdt, https://android.googlesource.com/platform/external/dtc/+/refs/heads/master/README.license, BSD-2-Clause, ./qemu/linux-x86_64/qemu-system-x86_64-headless ./qemu/linux-x86_64/qemu-system-armel-headless ./qemu/linux-x86_64/qemu-system-aarch64-headless ./qemu-img ./qemu/linux-x86_64/qemu-system-x86_64 ./qemu/linux-x86_64/qemu-system-armel ./qemu/linux-x86_64/qemu-system-i386-headless ./qemu/linux-x86_64/qemu-system-i386 ./qemu/linux-x86_64/qemu-system-aarch64, https://android.googlesource.com/platform/external/dtc/+/refs/heads/master
flatbuffers, Apache-2.0, Apache-2.0, ./qemu/linux-x86_64/qemu-system-x86_64-headless ./qemu/linux-x86_64/qemu-system-armel-headless ./qemu/linux-x86_64/qemu-system-aarch64-headless ./qemu/linux-x86_64/qemu-system-x86_64 ./emulator-check ./qsn ./qemu/linux-x86_64/qemu-system-armel ./qemu/linux-x86_64/qemu-system-i386-headless ./qemu/linux-x86_64/qemu-system-i386 ./qemu/linux-x86_64/qemu-system-aarch64, https://github.com/google/flatbuffers
libpng, https://android.googlesource.com/platform/external/libpng/+/refs/heads/emu-master-dev/LICENSE, libpng, ./qemu/linux-x86_64/qemu-system-x86_64-headless ./qemu/linux-x86_64/qemu-system-armel-headless ./qemu/linux-x86_64/qemu-system-aarch64-headless ./qemu-img ./emulator-check android-emu-shared.so ./qemu/linux-x86_64/qemu-system-x86_64 ./nimble_bridge android-webrtc.so ./qsn ./qemu/linux-x86_64/qemu-system-armel emugl_common.so OpenglRender.so ./qemu/linux-x86_64/qemu-system-i386-headless ./qemu/linux-x86_64/qemu-system-i386 ./qemu/linux-x86_64/qemu-system-aarch64, https://android.googlesource.com/platform/external/libpng/+/refs/heads/emu-master-dev
libwebp, https://android.googlesource.com/platform/external/qemu/+/emu-master-dev/android/third_party/libwebp/third_party/chromium_headless/libwebp/LICENSE, BSD-3-Clause, ./qemu/linux-x86_64/qemu-system-x86_64-headless ./qemu/linux-x86_64/qemu-system-armel-headless ./qemu/linux-x86_64/qemu-system-aarch64-headless ./qemu-img ./qemu/linux-x86_64/qemu-system-x86_64 ./emulator-check ./nimble_bridge android-webrtc.so ./qsn ./qemu/linux-x86_64/qemu-system-armel emugl_common.so OpenglRender.so ./qemu/linux-x86_64/qemu-system-i386-headless ./qemu/linux-x86_64/qemu-system-i386 ./qemu/linux-x86_64/qemu-system-aarch64, https://android.googlesource.com/platform/external/qemu/+/emu-master-dev/android/third_party/libwebp/third_party/chromium_headless/libwebp
ext4_utils, https://android.googlesource.com/platform/system/extras/+/master/ext4_utils/NOTICE, Apache-2.0, ./qemu/linux-x86_64/qemu-system-x86_64-headless ./qemu/linux-x86_64/qemu-system-armel-headless ./qemu-img android-emu-shared.so android-emu-metrics.so ./nimble_bridge ./qemu/linux-x86_64/qemu-system-armel ./crashreport OpenglRender.so ./qemu/linux-x86_64/qemu-system-i386 ./qemu/linux-x86_64/qemu-system-aarch64 ./emulator ./qemu/linux-x86_64/qemu-system-x86_64 ./emulator-check ./qemu/linux-x86_64/qemu-system-aarch64-headless android-webrtc.so ./qsn emugl_common.so ./qemu/linux-x86_64/qemu-system-i386-headless android-emu-agents.so, https://android.googlesource.com/platform/system/extras/+/master/ext4_utils/
nlohmann_json, https://android.googlesource.com/platform/external/qemu/+/refs/heads/emu-master-dev/android/third_party/json/NOTICE, MIT, ./qemu/linux-x86_64/qemu-system-x86_64-headless ./qemu/linux-x86_64/qemu-system-armel-headless ./qemu/linux-x86_64/qemu-system-aarch64-headless ./qemu-img ./qemu/linux-x86_64/qemu-system-x86_64 ./emulator-check ./nimble_bridge android-webrtc.so ./qsn ./qemu/linux-x86_64/qemu-system-armel emugl_common.so OpenglRender.so ./qemu/linux-x86_64/qemu-system-i386-headless ./qemu/linux-x86_64/qemu-system-i386 ./qemu/linux-x86_64/qemu-system-aarch64, https://android.googlesource.com/platform/external/qemu/+/refs/heads/emu-master-dev/android/third_party/json/
uuid, https://spdx.org/licenses/BSD-3-Clause.html, BSD-3-Clause, ./qemu/linux-x86_64/qemu-system-x86_64-headless ./qemu/linux-x86_64/qemu-system-armel-headless ./qemu-img android-emu-shared.so android-emu-metrics.so ./nimble_bridge ./qemu/linux-x86_64/qemu-system-armel ./crashreport android-emu-curl.so OpenglRender.so ./qemu/linux-x86_64/qemu-system-i386 ./qemu/linux-x86_64/qemu-system-aarch64 ./emulator ./qemu/linux-x86_64/qemu-system-x86_64 ./emulator-check ./qemu/linux-x86_64/qemu-system-aarch64-headless android-webrtc.so ./netsimd ./qsn emugl_common.so ./qemu/linux-x86_64/qemu-system-i386-headless android-emu-agents.so, https://android.googlesource.com/platform/prebuilts/android-emulator-build/archive/+/refs/heads/emu-master-dev/libuuid1-2.25.2-2.tar.xz
glib-2.0, https://android.googlesource.com/platform/external/bluetooth/glib/+/refs/heads/emu-master-dev/COPYING, LGPL-2.1-only, ./qemu/linux-x86_64/qemu-system-x86_64-headless ./qemu/linux-x86_64/qemu-system-armel-headless ./qemu-img ./nimble_bridge ./qemu/linux-x86_64/qemu-system-armel OpenglRender.so ./qemu/linux-x86_64/qemu-system-i386 ./qemu/linux-x86_64/qemu-system-aarch64 ./qemu/linux-x86_64/qemu-system-aarch64-headless ./qemu/linux-x86_64/qemu-system-x86_64 glib2_linux-x86_64.so ./emulator-check android-webrtc.so ./netsimd ./qsn emugl_common.so ./qemu/linux-x86_64/qemu-system-i386-headless, https://android.googlesource.com/platform/external/bluetooth/glib/+/refs/heads/emu-master-dev/
astc-codec, https://android.googlesource.com/platform/external/astc-codec/+/refs/heads/master/LICENSE, Apache-2.0, OpenglRender.so, https://android.googlesource.com/platform/external/astc-codec/+/refs/heads/master
libcurl, https://android.googlesource.com/platform/external/curl/+/refs/heads/emu-master-dev/NOTICE, curl, ./qemu/linux-x86_64/qemu-system-x86_64-headless ./qemu/linux-x86_64/qemu-system-armel-headless ./qemu-img android-emu-shared.so android-emu-metrics.so ./nimble_bridge ./qemu/linux-x86_64/qemu-system-armel android-emu-curl.so OpenglRender.so ./qemu/linux-x86_64/qemu-system-i386 ./qemu/linux-x86_64/qemu-system-aarch64 ./emulator ./qemu/linux-x86_64/qemu-system-x86_64 ./emulator-check ./qemu/linux-x86_64/qemu-system-aarch64-headless android-webrtc.so ./qsn emugl_common.so ./qemu/linux-x86_64/qemu-system-i386-headless, https://android.googlesource.com/platform/external/curl/+/refs/heads/emu-master-dev
angle-renderer, https://chromium.googlesource.com/angle/angle/LICENSE, BSD-3-Clause, lib64/gles_angle/libvulkan.so.1 lib64/gles_angle/libGLESv2.so lib64/gles_angle/libvulkan.so lib64/gles_angle/libvk_swiftshader.so ./emulator lib64/gles_angle/libEGL.so, https://chromium.googlesource.com/angle/angle
boringssl, https://android.googlesource.com/platform/external/boringssl/+/refs/heads/master/NOTICE, OpenSSL, ./qemu/linux-x86_64/qemu-system-x86_64-headless ./qemu/linux-x86_64/qemu-system-armel-headless ./qemu-img android-emu-shared.so android-emu-metrics.so ./nimble_bridge ./qemu/linux-x86_64/qemu-system-armel ./crashreport android-emu-curl.so OpenglRender.so ./qemu/linux-x86_64/qemu-system-i386 ./qemu/linux-x86_64/qemu-system-aarch64 ./emulator ./qemu/linux-x86_64/qemu-system-x86_64 ./emulator-check ./qemu/linux-x86_64/qemu-system-aarch64-headless android-webrtc.so ./netsimd ./qsn emugl_common.so ./qemu/linux-x86_64/qemu-system-i386-headless ./netsim, https://android.googlesource.com/platform/external/boringssl/+/refs/heads/master
dtc, https://kernel.googlesource.com/pub/scm/utils/dtc/dtc.git/+/refs/heads/master/README.license, GPL-2.0-or-later, ./qemu/linux-x86_64/qemu-system-x86_64-headless ./qemu/linux-x86_64/qemu-system-armel-headless ./qemu/linux-x86_64/qemu-system-aarch64-headless ./qemu/linux-x86_64/qemu-system-x86_64 ./emulator-check ./qsn ./qemu/linux-x86_64/qemu-system-armel ./qemu/linux-x86_64/qemu-system-i386-headless ./qemu/linux-x86_64/qemu-system-i386 ./qemu/linux-x86_64/qemu-system-aarch64, https://kernel.googlesource.com/pub/scm/utils/dtc/dtc.git/+/refs/heads/master/
